,2007,2008,2009,2010,2011,2012,2013,2014,2015,2016,2017
0,15101625,19490625,14410581,15779912,5546160,16022500,17545000,17832627,10629213,11370786,26540100
1,2681880,4171200,4822800,3610080,5357280,5144280,3065040,2200920,5510640,5703600,925000
2,17718750,13041250,14410581,4796880,6053663,15506632,19450000,10986550,15719062,3272091,22116750
3,21000000,6061274,13758000,15202590,3638280,18091770,19536360,18668431,11440124,9500000,26540100
4,10500000,3615960,4574189,13125000,10310938,10045455,11000000,788872,20068563,981348,5994764
5,5400000,5800000,711517,1086240,14500000,270427,665000,2090880,14728844,1404600,1914544
6,412718,944520,297163,1372080,342666,7562500,804131,916099,915243,2279040,3140517
7,906480,974400,1015440,5844827,1959577,830000,7750000,7312500,1344120,8000000,12500000
8,4027320,4329360,1042440,2583360,83305,2286000,2445480,14128000,2184960,4300000,4600000
9,1803600,998398,125562,1300000,1467840,12372000,13500000,3060000,981084,1100600,7643979
10,14611570,16000000,1276320,18776860,770000,473604,3000000,3229050,7750000,19500000,20575005
11,1037280,1868141,4631400,2500000,2126520,10000000,3090000,4494382,981084,525093,4000000
12,4200000,4550000,2403120,4300000,11244000,3150000,3300000,3700000,3000000,3700000,5505618
13,105696,687456,1300000,855189,1229255,2755560,2947800,1399507,981084,5168539,7680965
14,102131,1219590,18388430,3650000,10000000,2403000,1069509,947907,16006000,7500000,1551659
15,9742500,13041250,2500000,2300000,3000000,4234000,4526000,916099,948163,1650000,1315448
16,4694041,427163,1081440,15779912,2563320,1463520,885120,8308500,4831461,5000000,1514160
17,2395200,11950400,4900000,825497,2225000,2244601,472427,1792560,981084,4000000,1192080
18,11096800,3100000,797581,16192080,4533300,18518574,8700000,22407474,409167,1015421,18735364
19,3100000,1219590,998398,5854000,2500000,3600000,3750000,3800000,5375000,1449000,2995421
20,1178348,1900200,1225200,2801198,1361400,19269307,7258960,7727280,1276061,1142879,24559380
21,1767600,4100000,14410581,1107572,1409040,6790640,3006217,3231683,1093680,8500000,663810
22,4100000,3000000,711517,1050480,17149243,1857500,8374646,8374646,8491500,1953960,7806971
23,3000000,687456,14653466,1306455,3300000,3236470,3500000,1267000,1873200,105888,8070175
24,412718,687456,3100000,2385480,17730694,1567500,1500000,1500000,22458000,22875000,9904494
25,251657,1280640,2032800,457588,6322320,1500000,1500000,1750000,3800000,2500000,7250000
26,1191240,3966207,977160,3132000,992680,1768800,1892280,4687000,1250000,161776,1227000
27,3672414,5600000,3240000,2112417,1223166,1675000,1229255,11862500,8579089,8193030,543471
28,1679733,687456,2208960,4553793,1123680,7600000,4493500,2923920,3457149,2814000,1793760
29,412718,4838880,2900000,6600000,1721000,4300000,10000000,3250000,8374646,11000000,4000000
30,4501200,3000000,1369920,1657500,2540400,9250000,2798040,788872,3000000,3000000,4096950
31,771331,973328,4260000,6527491,1645440,1906200,1229255,6450000,1828750,317232,22116750
32,744551,5544370,6100000,1600000,1675000,185588,358600,3270000,981084,1100000,6125000
33,744551,770610,1500000,4000000,4847586,4250000,550000,11295250,507336,845059,3533333
34,5117880,1830000,5176440,6292000,7100000,1352181,6000000,3135000,1448490,2500000,1551659
35,664209,5883600,926678,6864200,1815000,3000000,3135000,788872,1310286,4000000,20869566
36,744551,1345800,1910000,1118760,8500000,2155365,10850000,788872,11500000,1039298,9424084
37,664209,3100000,826269,2143080,1765000,3042280,3000000,4319280,3049920,3873398,6500000
38,5746000,4750000,2272860,4638600,188558,6262347,401170,4666667,3396250,3542500,15730338
39,5393300,13500000,5746000,1075440,4000000,1236720,473604,2750000,107676,3333333,22116750
40,744551,2636696,6448900,1547640,1352181,3377604,4133280,5324280,915243,3000000,1627320
41,4500000,10000000,1040640,3596000,7354500,3240000,5750000,788872,6900000,12235750,1403611
42,12500000,4250000,1993560,5250000,1196760,1352181,2227333,9000000,11765500,3000000,6333333
43,1986960,2470000,4314960,801361,2292600,9000000,1957000,2500000,3000000,6500000,1499760
44,6364400,7901040,1446720,6217617,4962240,12199968,281377,3049920,2077000,2000000,4276320
45,1330000,2440000,3354480,9000000,1156080,2798040,9000000,947907,2000000,5694674,1015696
46,412718,4991520,5000000,12100000,2380270,986000,4000000,4000000,4505280,306527,250000
47,664209,2678000,14983603,850000,4447792,4000000,3007920,1375604,777778,6333333,543471
48,7288165,1133040,9000000,4930000,3000000,6442083,1054000,2626473,2873750,3650000,6000000
49,2510000,1103225,11050000,3000000,5564767,1596360,4000000,5058198,35000,6500000,17000000
50,4665960,11260483,4250000,1033342,9000000,848266,7118502,14000000,5563920,3000000,3800000
51,2000000,12455000,2739669,10000000,13150000,12000000,1707720,3945000,915243,4000000,6191000
52,1053960,4125000,8513916,3240380,918000,3315000,1229225,2350820,29843,845059,14000000
53,6629891,1033930,2565000,2056968,4000000,1294920,13000000,15300000,3873398,2000000,3730653
54,11260483,533572,6294310,13520500,5900000,13500000,3630000,19067500,507336,2170465,11027027
55,4235220,15344000,2987000,15779912,1485000,16022500,1385280,2511432,2000000,13086957,600000
56,3750000,2535720,1212120,209592,1600000,1404960,15000000,4000000,2077000,3425510,2223600
57,2950000,1715040,1319651,1191180,11000000,1524480,17545000,4500000,12173913,12000000,9250000
58,412718,2750000,11593817,14858471,3000000,17059727,1630800,1186459,3278000,1499187,8269663
59,14248000,972720,14410581,2916120,1204560,3059000,16059854,3396250,12972973,2127840,7600000
60,1595400,711517,4000000,2717161,14400000,4710000,3243000,1210080,1448490,4775000,2700000
61,2750000,1200000,1141838,1107572,14500000,1000000,1069509,3500000,5000000,22192730,874636
62,241591,9075000,13757844,457588,1352181,1110120,3250000,30453805,13550000,7730337,934293
63,412718,1044120,2725920,1118520,1306920,854389,1193280,5000000,20644400,890693,4743000
64,564518,3750000,1834680,736420,1418160,6750000,2819044,1149000,7191011,8200000,543471
65,8287500,8218990,1045560,457588,15959099,3500000,3500000,2438760,2000000,2000000,2255644
66,8560000,3315000,107908,1100000,3703472,25244493,27849149,2202000,4702500,700000,3386598
67,971280,2172000,442114,4100000,4790000,854389,885120,8000000,1145685,117016,10154495
68,3240741,2471604,184157,2000000,1000000,2020200,2171640,1112880,44765,845059,17552209
69,810000,11250000,998398,23034375,2016692,8000000,8000000,6000000,283367,25000000,1589640
70,7438000,5850000,4000000,457588,762195,1020960,1097520,2790343,507336,5000000,7708427
71,2200000,1547760,797581,9780970,1229255,1229255,3250000,6791570,23500000,1252440,3678319
72,3000000,5450000,21262500,3945000,2200000,3250000,11046591,2653080,5000000,2658240,1015696
73,2030280,1103225,4010005,12526998,24806250,9780992,4590338,2557545,1200720,9213484,1296240
74,2333334,13320000,9249980,825497,780871,11227250,3500000,3180000,2548560,1499187,14200000
75,8800000,6150000,3630000,8219009,10561960,1352181,3090000,947907,3034356,15260000,4264057
76,5400000,10250000,2769300,7650000,2400000,544331,2277306,4000000,4500000,1499187,3183526
77,1439760,1091640,711517,6750000,13700000,3900000,4000000,14100538,2008748,1524000,3000000
78,1188000,3631449,7438018,855189,3250000,1352181,13604188,6344164,1448490,7402812,3551160
79,15101625,2350000,10000000,1009680,9000000,4000000,5930414,4250000,48028,2891760,12415000
80,6850000,6100000,6300000,4700000,11749832,1341960,7000000,1330000,2915908,947276,11200000
81,1071225,967320,1655760,1306455,473604,4000000,1240000,1129200,1458360,1242720,2941440
82,9150000,5750000,5050000,16300000,1352181,13107837,1300000,1900000,816482,13500000,1052342
83,2863920,3377160,1147533,1167000,377116,6000000,1082520,2585668,7097191,4088091,543471
84,158071,3500000,14724125,773500,1085400,1160000,1352181,8000001,2772480,2399040,1015696
85,6854546,1184400,700000,11850000,4300000,1035960,2319344,3000000,816482,3000000,12500000
86,2625698,7920000,11350000,1255440,1352181,1352181,2929332,4916974,1189200,3398280,247991
87,5800000,1285200,1173480,1766280,17300000,1455960,7305786,5225000,2442455,4300000,5229454
88,899880,1219590,5757818,1181803,1254480,3272997,85439,2162419,3911981,13000000,3750000
89,2501070,8947543,2074302,1181803,854389,6611571,3090042,788872,2300040,1000000,26540100
90,20279,10250000,6200000,1867742,12600000,1223166,473604,2180000,1063384,947276,874636
91,1817141,10590500,1034760,1266120,2130482,3341558,3880800,1208400,4000000,61776,79922
92,7200000,5800000,6350000,6250000,6500000,3627720,5000000,9887642,14598888,845059,16957900
93,7300000,6373900,3630480,3883800,1898760,5000000,1198680,3700748,6757913,3036927,1015696
94,8171103,427163,3500000,48559,643551,1120440,600491,3153860,25000,5013559,18500000
95,9464307,16440000,1273200,3500000,1352181,2000000,2090000,6400000,816482,3750000,13253012
96,9628000,427163,8640000,1362120,473604,1229255,1156320,947907,507336,9588426,234915
97,5400000,687456,527185,9360000,1361040,3117120,23852,1463000,1370000,525093,6286408
98,5883600,6819000,9723983,457588,13250000,7000000,3958742,14275000,2038206,1100000,2978250
99,15070000,1868141,11238564,10500423,4913007,850522,6698565,9500000,4797664,228663,2898000
100,3500000,3320339,11553000,26917,1146337,1223166,1229255,4702500,2242003,14728844,12112359
101,412718,9000000,6200000,2710560,2169857,13900000,5144280,1352640,8894216,1000000,3332940
102,6364400,687456,6864200,12025694,10800000,2063040,2207040,1600000,187357,947276,22116750
103,1037280,56065,422725,12115500,1042320,6300000,6400000,7500000,3135000,5675000,1369229
104,2614440,2990028,11250000,1990000,762195,314041,2958077,2462400,152200,6000000,6666667
105,1870501,264897,711517,12150000,2913840,38172,1400000,4250000,13701250,3000000,2898000
106,412718,1500000,328416,3000000,13428129,1929600,3000000,10361446,1000000,981348,1720560
107,2753218,2286360,2300000,80488,1129469,3500000,13305000,3183000,862000,947276,2500000
108,664209,2146000,9385000,2484000,2470000,12325000,4500000,8000000,5450000,947276,9607500
109,2137200,2550000,9000000,1677840,13000000,9000000,7372200,1660257,915243,7070730,18000000
110,1998000,3120000,875000,3500000,1919160,64028,1352181,1695635,831942,7000000,26540100
111,2550000,3596000,1620000,10370425,3300000,6925400,2067880,10300000,100000,525093,543471
112,2880000,1333920,2912823,2282640,1803720,2246400,72892,1367640,3867282,947278,7000000
113,3348000,1137000,5585000,9000000,3500000,1145640,7500000,1106941,816482,281659,2348783
114,1240920,3248000,998398,945000,11345000,2108000,2356320,6008196,1750000,1646400,726672
115,3024000,19014188,3300000,1740000,2453880,4250000,4250000,3637073,981084,1147280,603558
116,17429672,8219008,816500,6031800,9000000,3500000,3500000,6250000,6600000,10151612,15890000
117,7438016,826046,1427040,3564000,608772,21164619,9638554,1399507,59686,9500000,22116750
118,771331,770610,442411,881000,6478600,3750000,3750000,1422720,1063384,7000000,10470000
119,664209,3000000,1700000,996240,2000000,1154040,16669630,3000000,816482,1474440,4837500
120,3000000,895341,1222320,736000,854389,11000000,1054389,2439840,816482,845059,3872520
121,3303813,1740000,5585000,1836000,1071000,305792,2083042,4505280,9714461,1164858,26540100
122,1620000,4320000,20598704,1307640,854389,61433,11000000,2897976,9500000,14780000,175000
123,4000000,1009560,9000000,6031800,242374,762195,473604,6400000,7500000,4250000,1704120
124,664209,427163,4484040,22183220,1972000,762195,1794872,1265977,1413480,525093,6000000
125,939120,3274440,11000000,9780992,2151068,1223166,1622617,12443735,700000,5000000,10770000
126,275404,750000,1700000,1003560,3500000,1229255,5251825,14860523,948163,4500000,4826160
127,3060840,18593750,998398,11000000,18700000,4151640,1020960,19285850,268974,20158622,2898000
128,16141999,6373900,2500000,1700000,10561984,1097520,1348800,17888931,915243,845059,1733880
129,5883600,8000000,4640000,2500000,58393,1254720,4753320,3250000,7500000,561716,10661286
130,2929467,5500000,1080000,4960000,473604,4000000,3480453,3282003,1962103,1500000,3940320
131,6596990,2631840,83708,1947240,1078800,4443360,6250000,7550000,59686,10300000,12078652
132,5500000,8937500,4148716,5501196,11000000,7560000,413608,7500000,2568360,845059,510921
133,2448240,623694,1084080,1165320,1146337,2180443,1361400,1078800,4250000,1662360,11050000
134,8125000,15070000,810000,870000,1223166,762195,2500000,1186459,10000000,1100602,543471
135,15070000,2487240,2500000,2500000,473604,3400000,2406240,1064400,3326235,11227000,874636
136,145961,5751130,4700000,5048000,473604,3414720,4443360,13200000,18995624,2008748,1551659
137,2325000,4000000,8000000,2969280,2500000,225341,3013512,14283844,507336,11235955,239767
138,5252065,1168800,5500000,8500000,5080000,1500000,9439000,7727280,1063384,191456,543471
139,3750000,101451,2815560,6077500,3880920,1146337,6100000,14021788,8360000,11933333,543471
140,1092600,23750000,6800000,3575761,3750000,42009,11566265,2690875,507336,525090,17000000
141,3525000,3818750,3163769,2000000,4133280,3000000,473604,3762500,1590720,3950313,2500000
142,12364000,13735000,6250195,6749260,7500000,4250000,13891359,875500,1794871,2288205,2090000
143,2242290,2411160,2873520,269169,1246680,2238360,19000000,3500000,1768653,3270000,17145838
144,802000,802000,1983454,3089040,1087500,4133280,16460538,8965000,10763500,845059,7806971
145,1974259,2369111,711517,5800000,473604,5600000,3500000,1399507,3615000,507711,15050000
146,412718,687456,24751934,16400000,3700000,854389,447298,16441500,1112880,16400000,5200000
147,8254375,151089,3093333,3240000,3192000,4190182,2574120,1169880,2249768,7807579,100000
148,4000000,9079811,15106000,16452000,473604,5800000,4792332,3183000,2077000,14000000,21165675
149,161061,4000000,2579400,3280997,8500000,21247044,2155811,1196760,12833333,845059,15500000
150,664209,770610,1600000,1600000,6655000,12922194,14107492,13701250,3793693,8500000,13333333
151,6645402,6453416,3700000,4088500,4250000,18714150,6687400,1809840,6250000,19700000,650000
152,3862080,4881669,957120,1039800,5200000,15032144,12400000,884293,1483920,7448760,1400000
153,1492440,427163,387613,1028880,7248325,854389,13668750,3574300,3135000,12403101,18314532
154,259204,1596600,9905248,26917,237626,2406240,7258960,1272279,163296,1375000,31969
155,1417800,770610,3650000,10728130,3304560,4403834,13058606,1545840,59686,17120106,680937
156,1347000,1516800,7151183,3867500,5500000,1195680,2575000,4340000,948163,8500000,8950000
157,2800000,427163,6404750,4500000,18800000,12981038,3500000,6500000,5694674,2814000,14000000
158,664209,1440960,2623200,10000000,3480000,248263,850000,5722500,3013512,1175880,2121288
159,664209,3058200,711517,2819880,17823000,4000000,3500000,3452183,8175476,3300000,2094089
160,1475000,427163,2449184,5854000,13603750,6226200,8385000,6000000,10854850,1160160,4351320
161,2700000,3094000,826269,884881,479735,11600000,1475106,1905360,235762,4171680,12385364
162,135895,1593000,2329805,884881,2238360,3831184,7226892,14283844,1316809,15514031,12000000
163,9187500,10000000,711517,9930500,4015334,6790640,1300000,5150000,12000000,11217391,543471
164,6500000,320142,854957,1000497,1117680,473604,1153800,13000000,15829688,200600,980431
165,7625000,6000000,3287640,457588,11854584,12015904,5000000,8000000,7128000,845059,1643040
166,390556,8425625,3388000,3516960,4000000,2500000,473604,3563600,19317325,1572360,10000000
167,2200000,2376000,971160,3682000,5760000,854389,3055259,1246680,1063384,10000000,15330435
168,3153120,3995003,1572221,1044000,10800000,443181,5820417,4059000,15925680,14300000,1410598
169,960840,1734316,351091,457588,3016680,1223166,1731960,9213484,8000000,100000,980431
170,1680000,2300000,10812500,1627779,6322320,2015896,354197,1186459,7000000,1356000,15000000
171,5525000,6050000,6000000,736420,992680,5731080,6687400,12000000,1127400,845059,20140838
172,4350000,4350000,9226250,825497,992680,1300000,8500000,20513178,6680000,9200000,3000000
173,664209,2028600,7800000,11625000,10973202,1073286,186656,12000000,1112280,18907725,650000
174,2564127,1750000,2484000,1859160,1028840,12500000,1524480,12250000,3992040,301444,2281605
175,4500000,1200000,6575000,4054160,94154,2138040,4060000,12868632,4500000,1201440,8988764
176,1048800,5000000,4350000,10026875,4455988,762195,8500000,7900000,40000,119462,57672
177,1178348,1122000,2180760,8400000,3976000,4604760,5486250,5607240,14898938,1185784,1045000
178,1800000,1944000,1768000,64978,1116840,473604,2709720,6300000,10434782,1304520,4228000
179,8000000,8840000,1910000,451866,52066,473604,1174080,1260360,2077000,15756438,1655880
180,16901500,1830000,5500000,7100000,1600000,6226200,6299000,788872,884879,2894059,980431
181,3192628,11250000,1962378,4350000,12500000,9319000,3101327,19067500,4025000,99418,119494
182,412718,687456,2000000,2332800,1998600,122942,2323200,1399507,915243,1000000,17200000
183,1234800,3745800,1465400,2111750,473604,473604,1823280,11046000,507336,4053000,375579
184,412718,3630000,1329480,2062800,4304520,1418160,13686750,1258800,3500000,1587480,945000
185,3315000,1500000,9680000,6000000,5765000,3780000,4000000,7655503,59686,845059,4000000
186,1400000,9000000,1006200,884881,8981000,4051024,44835,4500000,9445000,16000000,6348759
187,4806720,6883800,1976400,1957080,473604,5250000,13000000,6500000,1448490,525093,16073140
188,1667603,5953000,148238,1575360,3500000,2532960,8000000,21466718,17674612,2854940,9000000
189,6392100,12000084,10000000,1429200,2974320,1097520,1975000,788872,59686,5543725,12517606
190,5603000,2522913,972581,10520000,1972500,7624500,3632527,916099,1149720,83583,1987440
191,13363012,2250000,4026720,1081680,2356320,2250600,3941000,1082520,150591,15409570,1375000
192,1703520,3248000,2650000,3000000,1020960,2171640,2674852,1551840,816482,6000000,3909840
193,2250000,2804889,9945000,2483280,6900000,2588590,1069509,1120920,3326235,2943221,5000000
194,3024000,10142156,7375500,9500000,992680,2354537,809875,3183000,1250640,3741480,3517200
195,2201640,1800000,12827676,1514280,2103840,473604,12000000,1467840,1887840,15500000,2898000
196,9442697,19012500,3200000,2183333,2020200,13000000,1229255,4809840,3878000,5613500,8000000
197,800000,826046,1143473,4307640,1685280,2086360,12000000,3183000,1519200,13000000,3911380
198,1628959,1217400,442114,2862000,1528920,6500000,2253062,2793960,884879,8000000,11241218
199,664209,5670000,11300000,10890000,11360000,2855760,14968250,6760563,2380594,4000000,874636
200,17184375,279415,10841615,1306455,1157160,8100000,7900000,3000000,2732000,1358880,11286518
201,744551,6630000,1971941,199185,3324000,245884,5530080,1500000,5305000,525093,1015696
202,1137960,826269,20840625,13655268,2669520,1741440,1223166,788872,5958750,2870000,1395600
203,5259000,5800000,854957,3200000,9000000,2483333,5400000,2111160,14746000,10595507,1025831
204,2091480,5632200,2002623,632455,1627920,775000,1243080,6500000,7798000,947300,1406520
205,4875000,16360094,6487888,1306455,2333333,12000000,10059750,1536960,6000000,593056,26540100
206,6120000,6050000,450000,307564,5444857,91642,473604,10786517,1082000,1335480,543471
207,5400000,2480885,7140000,3696000,1352181,2150000,50258,5225000,1987320,1050000,23180275
208,5828090,12200000,6200000,1120200,16647180,1352181,795401,13878000,14898938,1348440,1500000
209,5215000,5632200,6244093,12200000,3000000,414443,1352181,3492720,5381750,12000000,1191480
210,15101625,2777760,9923285,11541074,1352181,8000000,15000000,1887840,13000000,22359364,4000000
211,5525000,687456,6575000,959111,192791,1288200,10164000,2222160,8000000,525093,1200240
212,4000000,3666666,442114,2100000,3200000,13531750,1475106,1399507,9000000,1140240,12250000
213,1618320,2860000,11000000,1029794,1204200,2541000,762195,3202920,1302840,4600000,11131368
214,11200000,42203,6049400,1050000,12345250,1200000,1204560,8374646,2730000,1148640,8400000
215,5215000,13488377,2986080,4500000,1352181,5000000,3179493,1272279,9904495,12350000,2250000
216,412718,283953,3666667,53834,1069509,1156320,4500000,14693906,816482,11710456,5281680
217,664209,687456,1910000,736420,2320500,9256500,6000000,5904261,1316809,7900000,17638063
218,2640000,753767,14232567,7650000,1200000,1243080,447298,14693906,1290360,2250000,1551659
219,865063,4172432,125374,6466600,4600000,277566,61290,6210000,12000000,855000,1450000
220,12744189,770610,187258,11641095,854389,15076715,962195,1600000,21436271,14746000,105498
221,771331,1830000,926678,736420,8453250,14000000,2812006,884293,55774,6300000,14956522
222,412718,3300000,4460186,14200000,1156320,9282000,19752645,4000000,880000,14000000,30963450
223,1886113,2900000,46812,6466600,13358905,1229255,550000,9316796,4300000,22971000,10230179
224,3884678,729000,622531,2168520,8400000,473604,4285560,2005560,12350000,13833333,2500000
225,664209,8600000,4010000,457588,6883800,2493720,192228,1399507,12289544,421449,469841
226,14863778,5356000,797581,3194400,2331120,4500000,2900000,6500000,7900000,1499000,4837318
227,3100000,427163,550000,3666666,473604,827197,473504,6875480,507336,981000,5000000
228,2650000,1928598,9500000,2160000,4050499,5500000,1276560,2500000,7070730,8344497,12000000
229,998967,19728000,5784480,1594080,5000000,762195,1500000,2016000,6300000,5000000,1273920
230,675000,219533,21372000,14976754,473604,168035,390027,8000000,2204370,12000000,4000000
231,3491768,13735000,797581,2500000,136509,762195,1035960,4588384,915243,981348,11000000
232,1188000,1011360,15106000,4320000,1713600,473604,1485000,2316720,20644400,2500000,2969880
233,1172400,1600000,1824493,1620000,16324500,1042320,10532977,10750000,13666667,24894863,5628000
234,18084000,4400000,2000000,736420,89670,1833120,1105560,2895960,507336,55722,5628000
235,412718,1889760,4956818,10400000,3726600,18038573,189442,2652000,1448490,2841960,1358500
236,12364000,12440787,1129320,6212960,2500000,4006080,8000000,1550000,1312920,845059,24022
237,945360,427163,4778548,311896,1110120,2700000,3090000,788872,8000000,1100600,1171560
238,4400000,272316,429111,8000000,1069509,1193280,4602720,2225000,4500000,1300000,543471
239,1832280,48056,3000000,16452000,1500000,1500000,9779349,5000000,816481,8819,1551659
240,4018182,1927080,2071680,5155115,854389,280234,4600000,788872,7000000,1499000,1050961
241,1080480,990600,1176240,1214040,11800000,10079404,2755560,1399507,166897,2489530,1339680
242,11532037,14880000,1788033,5400000,6641440,473604,5000000,788872,2500000,1282080,21165675
243,771331,1087680,16447871,457588,8610500,1028400,3000000,1133950,23180790,19500000,7330000
244,926040,3500000,370000,2216160,17823000,14030000,650000,9500000,507336,7000000,2730000
245,9350649,2420000,2098560,1438690,4995000,1223166,2020200,4086454,507336,5000000,418228
246,3481920,7000000,1623720,1264440,5000000,10121000,4000000,884293,981084,2612500,13000000
247,1011720,4000000,3163680,7000000,1352640,4605000,2544529,1046269,387632,1599840,980431
248,700000,938760,1163520,18876000,5543116,2563320,5000000,1987320,1448490,1300000,12606250
249,3500000,19012500,2250000,296695,3000000,5000000,12744000,2091840,1129200,1724250,5239437
250,2210000,16440000,2630000,2225880,656030,2203792,762195,1027424,1618680,6331404,8046500
251,7000000,1033930,8275862,1745520,473640,8500000,1861920,1422720,915243,320594,2898000
252,8433334,6016965,1141838,3401040,1546560,1654440,2126520,1089240,2023261,12000000,1188840
253,20133,1219590,20840625,2034997,1409040,2225093,762195,4400000,4800000,5746479,6511628
254,17184375,13250000,17810000,8937931,10800000,11610000,13700000,1887120,1533840,7500000,210995
255,15070000,1808121,1141838,1229225,19573711,500000,762195,947907,1650000,3034356,1709720
256,412718,5000000,5950894,1079640,473604,1731960,8374646,9300500,5016960,6500000,2240880
257,932015,798328,200252,6635068,3500000,473604,1000000,3250000,35000,1500000,1315448
258,5633037,1041360,14431816,1187686,2413320,473604,13668750,1056720,3326235,1709720,600000
259,664209,1769160,8760335,86638,1867320,21136631,4899293,8600000,65000,2148360,11242000
260,1178348,151089,5300000,15363636,5750000,473604,13668750,1482000,3553917,12404495,1551659
261,12068182,6373900,3500000,10180170,208264,762195,5750000,11100000,6253521,5675000,4823621
262,1002840,19014187,1877572,76850,9600000,3500000,1500000,3750000,3000000,15493680,17638063
263,8037037,427163,2661027,3780000,1229255,3076983,192228,22721381,816482,3807120,9213484
264,744551,1219590,3875040,457588,762196,2862602,89670,2000000,2202000,16500000,10991957
265,973440,427163,757000,5000000,7305500,4609701,10924138,788872,6500000,3075880,1562280
266,1740720,2500000,2620126,884881,1264687,5750000,4000000,1027424,1606080,1035000,1015696
267,1653720,770610,3000000,1318920,854389,915852,8646364,4763760,1790280,4236287,24328425
268,161061,6500000,1392240,4165560,16545454,473604,1919160,1986360,2055840,2100000,11483254
269,5883600,9366666,20370437,736420,11100005,473604,915852,3000000,11595506,5543725,5782450
270,412718,10500000,711517,4500000,1400000,10262069,437470,5200000,816482,1131960,96969
271,16901500,8376194,711517,1496640,5765000,1352181,12439675,1399507,5450000,20000000,1182840
272,3600000,687456,2500000,23239562,5000000,8022449,1223116,12500000,15012000,13000000,21165675
273,5570874,13762775,3700000,825497,1417800,2500000,6505320,926500,3649920,19500000,13219250
274,1350000,8350000,9000000,825497,4456200,11519840,5000000,3105302,2894059,12000000,21165675
275,625132,5632200,7020000,650000,854389,1146337,2338721,12100000,2317920,2239800,12000000
276,412718,427163,10333334,242793,4860000,6135160,4020000,8477437,967500,2433333,635753
277,664209,5356000,11375000,3700000,1601040,5000000,4795192,15333334,3340920,4000000,1326960
278,5218622,810000,9028575,7500000,1352181,1516680,10000000,1298640,8374646,845059,2340600
279,8733333,2762500,797581,6730800,884120,5632637,181018,1121520,5305000,1200000,543471
280,9625000,9206349,15070550,12250000,885120,5000000,3135000,2225479,15719063,2144722,2433334
281,7623813,1890000,9100000,9750000,762195,2462400,1500000,4278000,6124728,1230840,15944154
282,625000,1219590,6049400,457588,364461,1352181,1254720,1265977,15719062,7085000,2568600
283,12455000,2500000,711517,7692932,3700000,915852,473604,1591350,12000000,16400000,7000000
284,8125000,4952380,5632200,6466600,4325000,3000000,2225000,7235955,123827,8000000,1286160
285,5215000,11375000,797581,2750000,7269264,854389,5228000,1750000,2433333,1270964,17100000
286,1071225,538090,4159200,2000000,4400000,3700000,5000000,17800000,4000000,845059,2203000
287,3616680,1961609,442114,855189,5000000,4776500,473604,6300000,884879,947276,980431
288,4225433,7840000,10126984,5257229,937195,7807728,5800000,4320000,1448490,2525160,543471
289,8285714,3441900,1500000,736420,7600000,4752000,473604,2339040,915243,525093,3219579
290,1750000,427163,794491,1120200,17686100,5400000,1085120,1110840,1145685,1140240,874636
291,2210000,2135400,3250000,11047619,6883800,8103435,8603633,788872,414551,3333333,1191480
292,2500000,8500000,12250000,1990000,2798040,3750000,1352181,2016000,6792500,2380440,3333333
293,4571428,687456,182047,3100000,3000000,3007920,3217680,3526440,7245640,1463040,2483040
294,1272120,16360094,7700000,6138888,4000000,473604,762195,11954545,1316809,12000000,1403611
295,7280000,2216400,8400000,1990000,3567096,473604,962195,17632688,8000000,3156600,543471
296,3196050,19728000,87893,2455680,1204200,1823280,1959960,2678640,4382576,172972,4008882
297,3950000,20000000,2295480,7500000,11968253,1919160,2063040,4002120,167122,5543725,874636
298,412718,3600000,8000000,855189,473604,4000000,4000000,4000000,816482,6270000,5782450
299,600000,13248596,797581,19795714,3000000,3343896,1453520,788872,2421000,525093,6540000
300,2061720,5427307,18077904,1620000,525000,1288200,1042320,7583000,507336,1200000,874636
301,18084000,8500000,1500000,23016000,7800000,1352181,3140429,3053368,2277960,15000000,1223653
302,20000000,3441900,21372000,20000000,3128536,270427,2253306,1348200,1400040,4394225,15200000
303,2500000,160071,21000000,2100000,6850000,2750000,473604,4508504,11250000,1499187,4583450
304,12348596,4000000,3600000,5361240,384766,11689062,214758,788872,3026280,2854940,3500000
305,4300560,687456,5011680,7500000,17278618,762195,8900000,3900000,29843,3578947,3578948
306,8250000,4000000,14148596,10538937,5765000,7800000,854389,2761114,5305000,362878,23069
307,3196050,1830000,9537500,9000000,1352181,12000000,8600000,5000000,6000000,19000000,20072033
308,1103225,4350000,8500000,1306455,992680,6650000,1418160,788872,816482,5543725,5782450
309,1178348,2250000,1262275,4000000,8200000,992680,11300000,1703760,915243,352750,17100000
310,1836426,10500000,4000000,4750000,11495000,19092873,4054055,3150000,4205000,16400000,8081363
311,4000000,304897,4000000,2000000,9945000,6226200,20907128,1045000,4625000,525093,4625000
312,932015,4250000,4550000,2644230,7000000,8900000,1352181,1618680,400000,1015421,7400000
313,1000000,1345800,11550000,12600000,55718,12541812,788872,884293,6600000,845059,3488000
314,4150000,4480912,4500000,13520500,4251250,10890000,8200000,951463,150000,5000000,576724
315,798112,1800000,1446720,1500000,2855700,1105560,144867,5565000,3842105,8000000,16000000
316,9450000,5356000,4578880,1547640,13500000,4000000,13490000,2500000,241731,3344000,3241800
317,6807000,1077120,5592240,4250000,1823280,86052,757712,13500000,9500000,2288205,3046299
318,3380160,1219590,1939893,6212960,14940153,4750000,3000000,1409040,5305000,4950000,1180080
319,1962206,16360094,18077903,884881,134863,1223166,5248750,10000000,1448490,3102240,3210840
320,1178348,3470770,5300000,19795712,4000000,1000000,165487,1005000,5479934,2056920,1015696
321,1689409,1219590,5585000,5300000,4640208,2250000,762195,2676000,948163,89588,1207680
322,4550000,3206000,797581,6031800,6665000,12500000,12500000,21679893,507336,947276,1350120
323,1006800,687456,854957,855189,3250000,850000,888250,8500000,702756,1155600,543471
324,1178348,800000,1188000,959111,13876321,1959960,2096760,1365720,2943221,1294440,72193
325,15101625,8675620,9500000,457588,5300000,16359805,17779458,788872,2989239,2100000,4540525
326,2535260,650000,711517,1250000,473604,1223166,1232713,788872,3200000,4500000,937800
327,6392100,5762575,6310150,10324380,1073280,4503600,4837200,8000000,1483920,1000000,650000
328,3674584,687456,972581,6857725,7148800,7123626,7800531,1074720,4650000,2380594,6088993
329,432000,5632200,6049400,1055000,915852,3250000,3500000,3229050,1971960,13400000,17000000
330,744551,1080000,1709280,6466600,1069609,15333334,16790345,916099,250000,3457800,4384490
331,412718,13333333,826269,1837560,762195,5300000,1005097,5625313,816482,1842000,1921320
332,664209,11666666,14666667,255054,1380000,762195,854389,1200000,1238640,3750000,1551659
333,7851240,14520000,1262275,16000000,11148760,1153800,1073280,884293,3250000,8333334,25000000
334,5215000,2000160,15780000,1306455,7405300,854389,1234320,884293,2732000,1842000,1921320
335,412718,427163,2139720,17040000,861978,1069509,885120,5643750,1545840,105888,137466
336,5215000,11111110,12222221,2839408,6883800,6292135,473604,2317920,12200000,845059,276827
337,1000000,511295,769431,43319,1965720,1145027,6764045,4062000,3315120,3750000,3900000
338,12000000,8105500,8685500,13333333,17666666,1352181,1352181,8050000,1762680,4582680,543471
339,11666666,6500000,6500000,9352400,1352181,2911231,1352181,1027424,3445946,5192520,4788840
340,412718,1268160,797581,6500000,600000,15200000,1674641,884293,7974482,2165160,6552960
341,13260000,817000,2020179,4000000,18300000,1308506,16500000,1500000,1762680,1920240,3094014
342,1860720,1229280,1048800,1892035,7250000,6750000,6190000,12000000,600000,5200000,440078
343,1300000,7101250,1315080,2094922,14444444,475000,5799625,6679867,915243,350000,543471
344,396905,826046,7647500,5184480,2265000,5395000,2627400,884293,4978200,5152440,2006640
345,9999999,2883120,854957,1033342,4000000,2446600,4000000,4469548,2075760,13437500,2898000
346,120796,1033930,3084240,3910816,4200000,3680000,2238360,1272279,43226,15361500,2202240
347,7525500,854957,1141838,1934160,9090911,4500000,473604,3526440,5200000,525093,5374320
348,2425878,4752000,1799160,534906,1146337,6993708,1146337,9036364,4800000,6268675,14445313
349,267111,427163,926678,5456000,13520500,3480120,3374640,788872,1448490,21468696,22116750
350,664209,3000000,5104000,3413793,2069049,2956658,2563320,2150188,4930560,1938840,128623
351,1000000,2910000,797581,3375600,8000000,374289,16460538,3340920,12500000,2021520,6050000
352,1600000,1805160,3206897,2759628,500000,8500000,3741120,8580000,14700000,2505720,22868827
353,1185480,2105520,3100667,3670667,1731960,762195,4000000,1793520,5831326,12100000,2022240
354,912000,427163,1931160,10560000,1229255,1861920,473604,18673000,1855320,1499200,2112480
355,1143600,9280000,2252400,1030189,7775378,1352181,8083000,3894240,2397840,3400000,2613600
356,14601500,1629120,722517,1306455,3250000,8591793,341756,2568360,12100000,3000000,543471
357,7525397,112130,442114,2500000,1563120,3300000,1991760,7459925,9654342,1415520,3500000
358,771331,1108718,10602667,5508426,3964320,550000,5259697,10105855,5305000,2109294,543471
359,1803600,687456,1742760,1418880,89670,1680360,473604,1399507,1357080,4662960,2328530
360,4400000,2134067,184648,1306455,473640,4257973,3600000,5150000,1169880,1391160,12500000
361,771331,1233840,442114,10800000,71951,1563120,762195,12000000,3146068,4131720,2703960
362,2793103,5200000,826269,4526000,270436,594836,1797600,14693906,4470480,845059,5893981
363,55000,2243543,1262275,1658280,2300000,1485000,5000000,1719480,507336,650000,1453680
364,1679280,6703125,2500000,2000000,473604,65446,473604,18466130,816482,172739,4317720
365,1958640,2358433,4985001,3886928,6757851,122237,1680360,5016960,62552,1499187,8375000
366,932760,3942000,4795000,13392000,2187913,992680,2934610,5225000,1316809,981348,874636
367,1515480,6750000,10000000,16378325,1352181,301733,1000000,7500000,1662961,1499187,38903
368,675000,1033930,711517,1805040,11600000,522486,1596360,2652000,7707865,3132240,2557545
369,5400000,11664000,4235000,457588,4818000,2382353,251076,947907,300000,9638555,2318280
370,412718,711517,1542600,725000,1773960,2500000,762195,1590000,2997360,6867000,297311
371,412718,4350000,7000000,1373880,3400000,1306920,854389,5000000,1227985,947276,3267120
372,1387560,783000,3616072,2500000,222712,2721255,2806452,3000000,16500000,525093,10361445
373,6807000,13762775,12528000,9862500,750000,3672000,2500000,1160040,6583500,3100000,7377500
374,1460640,427163,15070550,4458840,4151786,1352181,13200000,1106942,400000,1210800,1015696
375,161061,1569600,1687320,7350000,14896000,810000,1404960,8600000,6601125,2854940,874636
376,6093750,2601113,3579131,8775000,16486611,2500000,4200000,3857040,2750000,845000,1439880
377,1537440,5800000,6200000,3800000,2767126,762195,3944000,1633440,2439840,44000,11000000
378,3650000,12775000,13775000,6466600,762195,473604,1352181,0,1160880,981300,2183072
379,744551,2562426,500000,4743598,473604,18217705,870000,0,2732000,20093063,1050961
380,1800000,8898000,2300000,2035920,780871,8500000,2240450,0,507336,3553917,1050500
381,9296874,510529,9196000,1900200,1476840,303137,2575000,0,2106720,1824360,1050961
382,932015,7875000,6864200,457888,2700000,1579920,762195,0,3678360,12365000,8000000
383,10800000,8091188,8562500,5200000,98637,1500000,19948799,0,12909091,1149500,14000000
384,4050000,5632200,4200000,359546,10650000,11158000,8500000,0,18862875,1270964,21323250
385,729000,3505320,6049400,1071720,4793280,5127720,1306920,0,2793960,5103120,10000000
386,12455000,1652280,3749880,4140000,1223166,473604,575000,0,5070686,981348,1906440
387,2696956,6300000,1893840,9000000,1352181,328444,473604,0,1100000,845059,13550000
388,5400000,931920,1776240,838034,6611570,103104,2433077,0,1145685,1763400,980431
389,11775000,770610,187248,6031800,2178000,7305765,1028400,0,915243,3000000,3500000
390,664209,6373900,1001880,303232,2814196,473604,3090000,0,2000000,3333333,5332800
391,7500000,1000000,4500000,6300000,762195,3001284,1567500,0,507336,4000000,2440200
392,1793160,1747096,6864200,6500000,2200000,2126520,572943,0,11000000,2800000,1865547
393,8100000,5356000,1080000,5000000,4000000,168035,5000000,0,1690680,2170465,2318280
394,5883600,1219950,5585000,15779912,10215850,3726600,1200000,0,6541000,9000000,2870813
395,7187500,2715000,1250000,736420,4602720,7000000,762195,0,3333333,525093,2708582
396,7821482,687456,5784480,10000000,3065040,2050000,762195,0,4150000,161622,5000000
397,5215000,3000000,1262275,9075000,264232,4360000,8000000,0,3898692,5000000,3333334
398,3260760,1756951,3448050,5854000,6478600,11015850,5250000,0,2077000,1015421,3850000
399,89101,13041250,826153,4840000,473604,4947840,2286000,0,2616975,3431040,83119
400,5850000,770610,4524887,3000000,7281818,650000,4006080,0,3282056,247623,1800000
401,2900000,8329640,826269,1000497,1035960,6925400,7525000,0,915243,1100602,6000000
402,412718,15500000,542114,6600000,7020000,61433,915852,0,1090000,5000000,9700000
403,664209,9500000,14500000,870968,5475113,7700000,762195,0,948163,4300000,1196040
404,5883600,12540000,9500000,4344000,14200000,1113600,1146337,0,3283320,5400000,874636
405,744551,4000000,13930000,736420,915852,3065040,11815850,0,948163,816482,4837500
406,967920,1376040,4420000,9075000,854389,7540000,5293080,0,981084,1535880,3578880
407,945600,154847,2119102,4254250,5144280,1645400,762195,0,6516000,3815000,6000000
408,1071225,109461,711517,446740,2080000,15691000,3524880,0,3278000,8500000,12800000
409,2537880,125479,6200000,3755640,10500000,2356320,7372000,0,14000000,2869440,5000000
410,412718,5800000,806452,1036440,5260000,5530080,3627720,0,816482,9000000,2368327
411,2000000,19000000,3771133,3000000,500000,2246400,8368182,0,1472400,61776,1403611
412,973920,2974080,442114,3300000,4250000,9500000,275805,0,3657500,845059,8550000
413,3841443,2284200,9862500,175908,3100000,5680000,1191240,0,9250000,1499187,2993040
414,24300,10650000,3850000,12323900,1229255,4000000,3294960,0,2745840,6500000,4000000
415,771331,1889760,711517,1306455,4800000,3400000,8060000,0,9000000,2269260,150000
416,7606820,427163,3493680,736420,854389,2000000,1768800,0,981084,1000000,543471
417,16000000,6500000,964080,4972500,8287500,5256000,17182000,0,29843,8000000,7000000
418,5525000,2900000,6750000,855189,1069509,10000000,3726600,0,725000,5500000,5628000
419,11650000,162281,3100000,7500000,4017720,1146337,2532960,0,23410988,1100602,1000000
420,1375000,1890000,5069449,8860000,1108680,5082416,5915880,0,1227985,1499187,305000
421,1286280,4010640,244463,1629120,730437,2001167,9682435,0,1424520,6912869,8800000
422,5400000,8937500,4500000,825497,3000000,762195,1352181,0,915243,1650000,10500000
423,17600000,862456,1262520,2060040,748656,3000000,6091363,0,8000000,947276,8000000
424,2780160,770610,5636143,5854000,14940152,1146337,4000000,0,3368100,6431250,1551659
425,2115000,1180200,8353000,2110550,1352181,16359805,2000000,0,915243,15500000,6587132
426,1750000,12890,1522920,2750000,321652,4602720,217301,0,981084,14260870,6191000
427,2051938,4466040,1572960,2000040,5000000,1348800,1600000,0,5850313,1186000,442126
428,1080480,7750000,3395760,1714800,6712500,473604,10000000,0,7238606,3000000,16663575
429,412718,1416600,7400000,824200,9300000,5176000,13668750,0,403784,123552,15330435
430,6250000,1470360,1800000,2105400,762195,7500000,269368,0,474000,5500000,1315448
431,2700000,3174240,2497320,0,885210,8500000,854389,0,9388000,3425510,138938
432,798112,7400000,2612835,0,915852,2500000,1352181,0,816482,2357760,8000000
433,1750000,1680600,1869600,0,2214480,3000000,1223166,0,6037500,2170465,51449
434,4483516,2323080,1262275,0,6322320,992680,17177795,0,3075880,4660482,5960160
435,3749040,2040746,1602960,0,992680,2369040,4947840,0,5138430,9638554,5300000
436,4296000,1739160,1968120,0,3398072,6790640,5000000,0,8575000,6600000,16393443
437,8250000,3250000,442114,0,3500000,473604,8287500,0,3000000,1733040,2463840
438,261724,1491240,0,0,2858057,3823000,8500000,0,5700000,1499187,1551659
439,664209,1830720,0,0,2630503,3695857,2612500,0,1500000,2637720,918369
440,1097880,0,0,0,886000,947800,296776,0,1448490,11250000,63938
441,4174800,0,0,0,2901241,7478261,7258960,0,3278000,1356146,14382022
442,1920000,0,0,0,0,0,1110120,0,981084,20000000,2092200
443,1750000,0,0,0,0,0,5600000,0,2077000,5138430,543471
444,1367760,0,0,0,0,0,723716,0,3678360,12000000,1984005
445,2952840,0,0,0,0,0,8289130,0,9704595,15851950,4347826
446,6500000,0,0,0,0,0,473604,0,6400000,2041080,1811040
447,7526316,0,0,0,0,0,1563120,0,1316809,5000000,2751360
448,1570920,0,0,0,0,0,0,0,2524200,30888,11750000
449,664209,0,0,0,0,0,0,0,2751260,2800000,1410598
450,1325160,0,0,0,0,0,0,0,15000000,1499000,23200000
451,3250000,0,0,0,0,0,0,0,4062000,16744218,2898000
452,0,0,0,0,0,0,0,0,115422,981348,12000000
453,0,0,0,0,0,0,0,0,3272091,845059,16957900
454,0,0,0,0,0,0,0,0,14746000,5758680,2128920
455,0,0,0,0,0,0,0,0,10105855,1159680,5000000
456,0,0,0,0,0,0,0,0,1953120,114285,328000
457,0,0,0,0,0,0,0,0,2106720,5500000,1551659
458,0,0,0,0,0,0,0,0,29843,4900000,374933
459,0,0,0,0,0,0,0,0,507336,80000,1074145
460,0,0,0,0,0,0,0,0,5381750,7000000,6006600
461,0,0,0,0,0,0,0,0,12000000,7000000,1209680
462,0,0,0,0,0,0,0,0,769881,2100000,874636
463,0,0,0,0,0,0,0,0,507336,2481720,9000000
464,0,0,0,0,0,0,0,0,1109760,947276,4598000
465,0,0,0,0,0,0,0,0,19754465,305789,7000000
466,0,0,0,0,0,0,0,0,6331404,1499187,12250000
467,0,0,0,0,0,0,0,0,107676,5500000,252676
468,0,0,0,0,0,0,0,0,5450000,1509360,543471
469,0,0,0,0,0,0,0,0,7000000,2179354,2593440
470,0,0,0,0,0,0,0,0,3750000,1749840,1015696
471,0,0,0,0,0,0,0,0,125104,1000000,874636
472,0,0,0,0,0,0,0,0,1227985,5219169,1551659
473,0,0,0,0,0,0,0,0,816482,11200000,5700000
474,0,0,0,0,0,0,0,0,816482,4204200,1577280
475,0,0,0,0,0,0,0,0,5000000,2616975,1825200
476,0,0,0,0,0,0,0,0,3150000,0,1052342
477,0,0,0,0,0,0,0,0,1210080,0,5443918
478,0,0,0,0,0,0,0,0,1674480,0,14153652
479,0,0,0,0,0,0,0,0,4994420,0,5318313
480,0,0,0,0,0,0,0,0,9410870,0,8000000
481,0,0,0,0,0,0,0,0,4030560,0,950000
482,0,0,0,0,0,0,0,0,1703760,0,750000
483,0,0,0,0,0,0,0,0,0,0,1034956
